feature_name,sensor_source,data_type,description,ml_use_case
time,System RTC,uint32,Unix Epoch timestamp in seconds,Time-series indexing and temporal feature engineering (time of day, circadian rhythms)
gsr,TLA2022 (ADC),int16,Galvanic Skin Response raw analog value,Indicator of emotional arousal, stress, or sympathetic nervous system activation
bodyTemp,MAX30205,float,Clinical body temperature in Celsius,Baseline physiological state; spikes can indicate illness or extreme physical exertion
hr,MAX30102,int32,Heart Rate in beats per minute (bpm),Key metric for stress, anxiety, cardiovascular exertion, or substance-induced tachycardia
validHR,MAX30102,int8,Boolean flag (1 or 0) indicating if HR reading is reliable,Data cleaning/filtering (drop rows where validHR == 0)
spo2,MAX30102,int32,Blood Oxygen Saturation percentage (%),Respiratory depression (e.g., opioid use) or general respiratory health
validSPO2,MAX30102,int8,Boolean flag (1 or 0) indicating if SpO2 reading is reliable,Data cleaning/filtering
lsm6dsox_accel_x,LSM6DSOX,float,Acceleration X (m/s^2),Detecting dynamic movement (steps, running, falling)
lsm6dsox_accel_y,LSM6DSOX,float,Acceleration Y (m/s^2),Detecting dynamic movement (steps, running, falling)
lsm6dsox_accel_z,LSM6DSOX,float,Acceleration Z (m/s^2),Detecting dynamic movement (steps, running, falling)
lsm6dsox_gyro_x,LSM6DSOX,float,Angular velocity X (degrees/second),Detecting fast rotational movements (tremors, seizures, twitching, gestures)
lsm6dsox_gyro_y,LSM6DSOX,float,Angular velocity Y (degrees/second),Detecting fast rotational movements
lsm6dsox_gyro_z,LSM6DSOX,float,Angular velocity Z (degrees/second),Detecting fast rotational movements
lsm6dsox_temp,LSM6DSOX,float,IMU chip temperature in Celsius,Correlating ambient temperature or sensor drift compensation
